시도,시군구,행정구역명,행정동,법정동,법정동코드
서울특별시,서울특별시,서울특별시,서울특별시,서울특별시,11000000
서울특별시,종로구,종로구,종로구,종로구,11110000
서울특별시,종로구,청운효자동,청운효자동,청운동,11110101
서울특별시,종로구,청운효자동,청운효자동,신교동,11110102
서울특별시,종로구,청운효자동,청운효자동,궁정동,11110103
서울특별시,종로구,청운효자동,청운효자동,효자동,11110104
서울특별시,종로구,청운효자동,청운효자동,창성동,11110105
서울특별시,종로구,청운효자동,청운효자동,통인동,11110108
서울특별시,종로구,청운효자동,청운효자동,누상동,11110109
서울특별시,종로구,청운효자동,청운효자동,누하동,11110110
서울특별시,종로구,청운효자동,청운효자동,옥인동,11110111
서울특별시,종로구,청운효자동,청운효자동,세종로,11110119
서울특별시,종로구,사직동,사직동,통의동,11110106
서울특별시,종로구,사직동,사직동,적선동,11110107
서울특별시,종로구,사직동,사직동,체부동,11110112
서울특별시,종로구,사직동,사직동,필운동,11110113
서울특별시,종로구,사직동,사직동,내자동,11110114
서울특별시,종로구,사직동,사직동,사직동,11110115
서울특별시,종로구,사직동,사직동,도렴동,11110116
서울특별시,종로구,사직동,사직동,당주동,11110117
서울특별시,종로구,사직동,사직동,내수동,11110118
서울특별시,종로구,사직동,사직동,세종로,11110119
서울특별시,종로구,사직동,사직동,신문로1가,11110120
서울특별시,종로구,사직동,사직동,신문로2가,11110121
서울특별시,종로구,삼청동,삼청동,팔판동,11110139
서울특별시,종로구,삼청동,삼청동,삼청동,11110140
서울특별시,종로구,삼청동,삼청동,안국동,11110141
서울특별시,종로구,삼청동,삼청동,소격동,11110142
서울특별시,종로구,삼청동,삼청동,화동,11110143
서울특별시,종로구,삼청동,삼청동,사간동,11110144
서울특별시,종로구,삼청동,삼청동,송현동,11110145
서울특별시,종로구,부암동,부암동,부암동,11110184
서울특별시,종로구,부암동,부암동,홍지동,11110185
서울특별시,종로구,부암동,부암동,신영동,11110186
서울특별시,종로구,평창동,평창동,구기동,11110182
서울특별시,종로구,평창동,평창동,평창동,11110183
서울특별시,종로구,무악동,무악동,무악동,11110187
서울특별시,종로구,교남동,교남동,교남동,11110176
서울특별시,종로구,교남동,교남동,평동,11110177
서울특별시,종로구,교남동,교남동,송월동,11110178
서울특별시,종로구,교남동,교남동,홍파동,11110179
서울특별시,종로구,교남동,교남동,교북동,11110180
서울특별시,종로구,교남동,교남동,행촌동,11110181
서울특별시,종로구,가회동,가회동,가회동,11110146
서울특별시,종로구,가회동,가회동,재동,11110147
서울특별시,종로구,가회동,가회동,계동,11110148
서울특별시,종로구,가회동,가회동,원서동,11110149
서울특별시,종로구,종로1.2.3.4가동,종로1.2.3.4가동,세종로,11110119
서울특별시,종로구,종로1.2.3.4가동,종로1.2.3.4가동,청진동,11110122
서울특별시,종로구,종로1.2.3.4가동,종로1.2.3.4가동,서린동,11110123
서울특별시,종로구,종로1.2.3.4가동,종로1.2.3.4가동,수송동,11110124
서울특별시,종로구,종로1.2.3.4가동,종로1.2.3.4가동,중학동,11110125
서울특별시,종로구,종로1.2.3.4가동,종로1.2.3.4가동,종로1가,11110126
서울특별시,종로구,종로1.2.3.4가동,종로1.2.3.4가동,공평동,11110127
서울특별시,종로구,종로1.2.3.4가동,종로1.2.3.4가동,관훈동,11110128
서울특별시,종로구,종로1.2.3.4가동,종로1.2.3.4가동,견지동,11110129
서울특별시,종로구,종로1.2.3.4가동,종로1.2.3.4가동,와룡동,11110130
서울특별시,종로구,종로1.2.3.4가동,종로1.2.3.4가동,권농동,11110131
서울특별시,종로구,종로1.2.3.4가동,종로1.2.3.4가동,운니동,11110132
서울특별시,종로구,종로1.2.3.4가동,종로1.2.3.4가동,익선동,11110133
서울특별시,종로구,종로1.2.3.4가동,종로1.2.3.4가동,경운동,11110134
서울특별시,종로구,종로1.2.3.4가동,종로1.2.3.4가동,관철동,11110135
서울특별시,종로구,종로1.2.3.4가동,종로1.2.3.4가동,인사동,11110136
서울특별시,종로구,종로1.2.3.4가동,종로1.2.3.4가동,낙원동,11110137
서울특별시,종로구,종로1.2.3.4가동,종로1.2.3.4가동,종로2가,11110138
서울특별시,종로구,종로1.2.3.4가동,종로1.2.3.4가동,훈정동,11110150
서울특별시,종로구,종로1.2.3.4가동,종로1.2.3.4가동,묘동,11110151
서울특별시,종로구,종로1.2.3.4가동,종로1.2.3.4가동,봉익동,11110152
서울특별시,종로구,종로1.2.3.4가동,종로1.2.3.4가동,돈의동,11110153
서울특별시,종로구,종로1.2.3.4가동,종로1.2.3.4가동,장사동,11110154
서울특별시,종로구,종로1.2.3.4가동,종로1.2.3.4가동,관수동,11110155
서울특별시,종로구,종로1.2.3.4가동,종로1.2.3.4가동,종로3가,11110156
서울특별시,종로구,종로1.2.3.4가동,종로1.2.3.4가동,인의동,11110157
서울특별시,종로구,종로1.2.3.4가동,종로1.2.3.4가동,예지동,11110158
서울특별시,종로구,종로1.2.3.4가동,종로1.2.3.4가동,원남동,11110159
서울특별시,종로구,종로1.2.3.4가동,종로1.2.3.4가동,종로4가,11110161
서울특별시,종로구,종로5.6가동,종로5.6가동,연지동,11110160
서울특별시,종로구,종로5.6가동,종로5.6가동,효제동,11110162
서울특별시,종로구,종로5.6가동,종로5.6가동,종로5가,11110163
서울특별시,종로구,종로5.6가동,종로5.6가동,종로6가,11110164
서울특별시,종로구,종로5.6가동,종로5.6가동,충신동,11110167
서울특별시,종로구,이화동,이화동,이화동,11110165
서울특별시,종로구,이화동,이화동,연건동,11110166
서울특별시,종로구,이화동,이화동,동숭동,11110168
서울특별시,종로구,혜화동,혜화동,와룡동,11110130
서울특별시,종로구,혜화동,혜화동,혜화동,11110169
서울특별시,종로구,혜화동,혜화동,명륜1가,11110170
서울특별시,종로구,혜화동,혜화동,명륜2가,11110171
서울특별시,종로구,혜화동,혜화동,명륜4가,11110172
서울특별시,종로구,혜화동,혜화동,명륜3가,11110173
서울특별시,종로구,창신1동,창신제1동,창신동,11110174
서울특별시,종로구,창신2동,창신제2동,창신동,11110174
서울특별시,종로구,창신3동,창신제3동,창신동,11110174
서울특별시,종로구,숭인1동,숭인제1동,숭인동,11110175
서울특별시,종로구,숭인2동,숭인제2동,숭인동,11110175
서울특별시,중구,중구,중구,중구,11140000
서울특별시,중구,소공동,소공동,소공동,11140111
서울특별시,중구,소공동,소공동,북창동,11140113
서울특별시,중구,소공동,소공동,태평로2가,11140114
서울특별시,중구,소공동,소공동,남대문로2가,11140115
서울특별시,중구,소공동,소공동,남대문로3가,11140116
서울특별시,중구,소공동,소공동,남대문로4가,11140117
서울특별시,중구,소공동,소공동,봉래동1가,11140119
서울특별시,중구,소공동,소공동,서소문동,11140166
서울특별시,중구,소공동,소공동,정동,11140167
서울특별시,중구,소공동,소공동,순화동,11140168
서울특별시,중구,소공동,소공동,의주로1가,11140169
서울특별시,중구,소공동,소공동,충정로1가,11140170
서울특별시,중구,회현동,회현동,남창동,11140112
서울특별시,중구,회현동,회현동,남대문로3가,11140116
서울특별시,중구,회현동,회현동,남대문로4가,11140117
서울특별시,중구,회현동,회현동,남대문로5가,11140118
서울특별시,중구,회현동,회현동,봉래동1가,11140119
서울특별시,중구,회현동,회현동,봉래동2가,11140120
서울특별시,중구,회현동,회현동,회현동1가,11140121
서울특별시,중구,회현동,회현동,회현동2가,11140122
서울특별시,중구,회현동,회현동,충무로1가,11140124
서울특별시,중구,회현동,회현동,순화동,11140168
서울특별시,중구,명동,명동,무교동,11140101
서울특별시,중구,명동,명동,다동,11140102
서울특별시,중구,명동,명동,태평로1가,11140103
서울특별시,중구,명동,명동,을지로1가,11140104
서울특별시,중구,명동,명동,을지로2가,11140105
서울특별시,중구,명동,명동,남대문로1가,11140106
서울특별시,중구,명동,명동,삼각동,11140107
서울특별시,중구,명동,명동,수하동,11140108
서울특별시,중구,명동,명동,장교동,11140109
서울특별시,중구,명동,명동,수표동,11140110
서울특별시,중구,명동,명동,남대문로2가,11140115
서울특별시,중구,명동,명동,회현동1가,11140121
서울특별시,중구,명동,명동,회현동2가,11140122
서울특별시,중구,명동,명동,회현동3가,11140123
서울특별시,중구,명동,명동,충무로1가,11140124
서울특별시,중구,명동,명동,충무로2가,11140125
서울특별시,중구,명동,명동,명동1가,11140126
서울특별시,중구,명동,명동,명동2가,11140127
서울특별시,중구,명동,명동,남산동1가,11140128
서울특별시,중구,명동,명동,남산동2가,11140129
서울특별시,중구,명동,명동,남산동3가,11140130
서울특별시,중구,명동,명동,저동1가,11140131
서울특별시,중구,명동,명동,예장동,11140142
서울특별시,중구,필동,필동,충무로4가,11140132
서울특별시,중구,필동,필동,충무로5가,11140133
서울특별시,중구,필동,필동,묵정동,11140136
서울특별시,중구,필동,필동,필동1가,11140137
서울특별시,중구,필동,필동,필동2가,11140138
서울특별시,중구,필동,필동,필동3가,11140139
서울특별시,중구,필동,필동,남학동,11140140
서울특별시,중구,필동,필동,주자동,11140141
서울특별시,중구,필동,필동,예장동,11140142
서울특별시,중구,필동,필동,장충동2가,11140144
서울특별시,중구,필동,필동,충무로3가,11140158
서울특별시,중구,장충동,장충동,묵정동,11140136
서울특별시,중구,장충동,장충동,장충동1가,11140143
서울특별시,중구,장충동,장충동,장충동2가,11140144
서울특별시,중구,광희동,광희동,충무로4가,11140132
서울특별시,중구,광희동,광희동,충무로5가,11140133
서울특별시,중구,광희동,광희동,인현동2가,11140134
서울특별시,중구,광희동,광희동,예관동,11140135
서울특별시,중구,광희동,광희동,광희동1가,11140145
서울특별시,중구,광희동,광희동,광희동2가,11140146
서울특별시,중구,광희동,광희동,쌍림동,11140147
서울특별시,중구,광희동,광희동,을지로6가,11140148
서울특별시,중구,광희동,광희동,을지로7가,11140149
서울특별시,중구,광희동,광희동,오장동,11140154
서울특별시,중구,을지로동,을지로동,을지로4가,11140150
서울특별시,중구,을지로동,을지로동,을지로5가,11140151
서울특별시,중구,을지로동,을지로동,주교동,11140152
서울특별시,중구,을지로동,을지로동,방산동,11140153
서울특별시,중구,을지로동,을지로동,을지로3가,11140155
서울특별시,중구,을지로동,을지로동,입정동,11140156
서울특별시,중구,을지로동,을지로동,산림동,11140157
서울특별시,중구,을지로동,을지로동,초동,11140159
서울특별시,중구,을지로동,을지로동,인현동1가,11140160
서울특별시,중구,을지로동,을지로동,저동2가,11140161
서울특별시,중구,신당동,신당동,신당동,11140162
서울특별시,중구,신당동,신당동,흥인동,11140163
서울특별시,중구,신당동,신당동,무학동,11140164
서울특별시,중구,다산동,다산동,신당동,11140162
서울특별시,중구,약수동,약수동,신당동,11140162
서울특별시,중구,청구동,청구동,신당동,11140162
서울특별시,중구,신당5동,신당제5동,신당동,11140162
서울특별시,중구,동화동,동화동,신당동,11140162
서울특별시,중구,황학동,황학동,황학동,11140165
서울특별시,중구,중림동,중림동,중림동,11140171
서울특별시,중구,중림동,중림동,의주로2가,11140172
서울특별시,중구,중림동,중림동,만리동1가,11140173
서울특별시,중구,중림동,중림동,만리동2가,11140174
서울특별시,용산구,용산구,용산구,용산구,11170000
서울특별시,용산구,후암동,후암동,후암동,11170101
서울특별시,용산구,용산2가동,용산2가동,용산동2가,11170102
서울특별시,용산구,용산2가동,용산2가동,용산동4가,11170103
서울특별시,용산구,남영동,남영동,갈월동,11170104
서울특별시,용산구,남영동,남영동,남영동,11170105
서울특별시,용산구,남영동,남영동,용산동1가,11170106
서울특별시,용산구,남영동,남영동,동자동,11170107
서울특별시,용산구,청파동,청파동,서계동,11170108
서울특별시,용산구,청파동,청파동,청파동1가,11170109
서울특별시,용산구,청파동,청파동,청파동2가,11170110
서울특별시,용산구,청파동,청파동,청파동3가,11170111
서울특별시,용산구,원효로1동,원효로1동,원효로1가,11170112
서울특별시,용산구,원효로1동,원효로1동,원효로2가,11170113
서울특별시,용산구,원효로1동,원효로1동,문배동,11170122
서울특별시,용산구,원효로1동,원효로1동,신계동,11170123
서울특별시,용산구,원효로2동,원효로2동,신창동,11170114
서울특별시,용산구,원효로2동,원효로2동,산천동,11170115
서울특별시,용산구,원효로2동,원효로2동,청암동,11170116
서울특별시,용산구,원효로2동,원효로2동,원효로3가,11170117
서울특별시,용산구,원효로2동,원효로2동,원효로4가,11170118
서울특별시,용산구,효창동,효창동,효창동,11170119
서울특별시,용산구,용문동,용문동,도원동,11170120
서울특별시,용산구,용문동,용문동,용문동,11170121
서울특별시,용산구,한강로동,한강로동,한강로1가,11170124
서울특별시,용산구,한강로동,한강로동,한강로2가,11170125
서울특별시,용산구,한강로동,한강로동,용산동3가,11170126
서울특별시,용산구,한강로동,한강로동,용산동5가,11170127
서울특별시,용산구,한강로동,한강로동,한강로3가,11170128
서울특별시,용산구,이촌1동,이촌1동,이촌동,11170129
서울특별시,용산구,이촌2동,이촌2동,이촌동,11170129
서울특별시,용산구,이태원1동,이태원1동,이태원동,11170130
서울특별시,용산구,이태원2동,이태원2동,이태원동,11170130
서울특별시,용산구,한남동,한남동,한남동,11170131
서울특별시,용산구,서빙고동,서빙고동,동빙고동,11170132
서울특별시,용산구,서빙고동,서빙고동,서빙고동,11170133
서울특별시,용산구,서빙고동,서빙고동,주성동,11170134
서울특별시,용산구,서빙고동,서빙고동,용산동6가,11170135
서울특별시,용산구,보광동,보광동,보광동,11170136
서울특별시,성동구,성동구,성동구,성동구,11200000
서울특별시,성동구,왕십리2동,왕십리2동,하왕십리동,11200102
서울특별시,성동구,왕십리도선동,왕십리도선동,상왕십리동,11200101
서울특별시,성동구,왕십리도선동,왕십리도선동,하왕십리동,11200102
서울특별시,성동구,왕십리도선동,왕십리도선동,홍익동,11200103
서울특별시,성동구,왕십리도선동,왕십리도선동,도선동,11200104
서울특별시,성동구,마장동,마장동,마장동,11200105
서울특별시,성동구,사근동,사근동,사근동,11200106
서울특별시,성동구,사근동,사근동,행당동,11200107
서울특별시,성동구,행당1동,행당1동,행당동,11200107
서울특별시,성동구,행당2동,행당2동,행당동,11200107
서울특별시,성동구,응봉동,응봉동,응봉동,11200108
서울특별시,성동구,금호1가동,금호1가동,금호동1가,11200109
서울특별시,성동구,금호2.3가동,금호2.3가동,금호동2가,11200110
서울특별시,성동구,금호2.3가동,금호2.3가동,금호동3가,11200111
서울특별시,성동구,금호4가동,금호4가동,금호동4가,11200112
서울특별시,성동구,옥수동,옥수동,옥수동,11200113
서울특별시,성동구,성수1가1동,성수1가1동,성수동1가,11200114
서울특별시,성동구,성수1가2동,성수1가2동,성수동1가,11200114
서울특별시,성동구,성수2가1동,성수2가1동,성수동2가,11200115
서울특별시,성동구,성수2가3동,성수2가3동,성수동2가,11200115
서울특별시,성동구,송정동,송정동,송정동,11200118
서울특별시,성동구,용답동,용답동,송정동,11200118
서울특별시,성동구,용답동,용답동,용답동,11200122
서울특별시,광진구,광진구,광진구,광진구,11215000
서울특별시,광진구,화양동,화양동,화양동,11215107
서울특별시,광진구,군자동,군자동,군자동,11215109
서울특별시,광진구,중곡1동,중곡1동,중곡동,11215101
서울특별시,광진구,중곡2동,중곡2동,중곡동,11215101
서울특별시,광진구,중곡3동,중곡3동,중곡동,11215101
서울특별시,광진구,중곡4동,중곡4동,중곡동,11215101
서울특별시,광진구,능동,능동,능동,11215102
서울특별시,광진구,광장동,광장동,광장동,11215104
서울특별시,광진구,자양1동,자양1동,자양동,11215105
서울특별시,광진구,자양2동,자양2동,자양동,11215105
서울특별시,광진구,자양3동,자양3동,자양동,11215105
서울특별시,광진구,자양4동,자양4동,자양동,11215105
서울특별시,광진구,구의1동,구의1동,구의동,11215103
서울특별시,광진구,구의2동,구의2동,구의동,11215103
서울특별시,광진구,구의3동,구의3동,구의동,11215103
서울특별시,동대문구,동대문구,동대문구,동대문구,11230000
서울특별시,동대문구,용신동,용신동,신설동,11230101
서울특별시,동대문구,용신동,용신동,용두동,11230102
서울특별시,동대문구,제기동,제기동,제기동,11230103
서울특별시,동대문구,전농1동,전농1동,전농동,11230104
서울특별시,동대문구,전농2동,전농2동,전농동,11230104
서울특별시,동대문구,답십리1동,답십리1동,답십리동,11230105
서울특별시,동대문구,답십리2동,답십리2동,답십리동,11230105
서울특별시,동대문구,장안1동,장안1동,장안동,11230106
서울특별시,동대문구,장안2동,장안2동,장안동,11230106
서울특별시,동대문구,청량리동,청량리동,청량리동,11230107
서울특별시,동대문구,회기동,회기동,회기동,11230108
서울특별시,동대문구,휘경1동,휘경1동,휘경동,11230109
서울특별시,동대문구,휘경2동,휘경2동,휘경동,11230109
서울특별시,동대문구,이문1동,이문1동,이문동,11230110
서울특별시,동대문구,이문2동,이문2동,이문동,11230110
서울특별시,중랑구,중랑구,중랑구,중랑구,11260000
서울특별시,중랑구,면목2동,면목2동,면목동,11260101
서울특별시,중랑구,면목4동,면목4동,면목동,11260101
서울특별시,중랑구,면목5동,면목5동,면목동,11260101
서울특별시,중랑구,면목본동,면목본동,면목동,11260101
서울특별시,중랑구,면목7동,면목7동,면목동,11260101
서울특별시,중랑구,면목3.8동,면목3.8동,면목동,11260101
서울특별시,중랑구,상봉1동,상봉1동,상봉동,11260102
서울특별시,중랑구,상봉2동,상봉2동,상봉동,11260102
서울특별시,중랑구,중화1동,중화1동,중화동,11260103
서울특별시,중랑구,중화2동,중화2동,중화동,11260103
서울특별시,중랑구,묵1동,묵1동,묵동,11260104
서울특별시,중랑구,묵2동,묵2동,묵동,11260104
서울특별시,중랑구,망우본동,망우본동,망우동,11260105
서울특별시,중랑구,망우3동,망우제3동,망우동,11260105
서울특별시,중랑구,신내1동,신내1동,신내동,11260106
서울특별시,중랑구,신내2동,신내2동,신내동,11260106
서울특별시,성북구,성북구,성북구,성북구,11290000
서울특별시,성북구,성북동,성북동,성북동,11290101
서울특별시,성북구,성북동,성북동,성북동1가,11290102
서울특별시,성북구,성북동,성북동,동소문동1가,11290104
서울특별시,성북구,성북동,성북동,동소문동4가,11290107
서울특별시,성북구,삼선동,삼선동,돈암동,11290103
서울특별시,성북구,삼선동,삼선동,동소문동2가,11290105
서울특별시,성북구,삼선동,삼선동,동소문동3가,11290106
서울특별시,성북구,삼선동,삼선동,동소문동5가,11290108
서울특별시,성북구,삼선동,삼선동,삼선동1가,11290111
서울특별시,성북구,삼선동,삼선동,삼선동2가,11290112
서울특별시,성북구,삼선동,삼선동,삼선동3가,11290113
서울특별시,성북구,삼선동,삼선동,삼선동4가,11290114
서울특별시,성북구,삼선동,삼선동,삼선동5가,11290115
서울특별시,성북구,동선동,동선동,돈암동,11290103
서울특별시,성북구,동선동,동선동,동소문동6가,11290109
서울특별시,성북구,동선동,동선동,동소문동7가,11290110
서울특별시,성북구,동선동,동선동,동선동1가,11290116
서울특별시,성북구,동선동,동선동,동선동2가,11290117
서울특별시,성북구,동선동,동선동,동선동3가,11290118
서울특별시,성북구,동선동,동선동,동선동4가,11290119
서울특별시,성북구,동선동,동선동,동선동5가,11290120
서울특별시,성북구,돈암1동,돈암1동,돈암동,11290103
서울특별시,성북구,돈암2동,돈암2동,돈암동,11290103
서울특별시,성북구,안암동,안암동,안암동1가,11290121
서울특별시,성북구,안암동,안암동,안암동2가,11290122
서울특별시,성북구,안암동,안암동,안암동3가,11290123
서울특별시,성북구,안암동,안암동,안암동4가,11290124
서울특별시,성북구,안암동,안암동,안암동5가,11290125
서울특별시,성북구,보문동,보문동,보문동4가,11290126
서울특별시,성북구,보문동,보문동,보문동5가,11290127
서울특별시,성북구,보문동,보문동,보문동6가,11290128
서울특별시,성북구,보문동,보문동,보문동7가,11290129
서울특별시,성북구,보문동,보문동,보문동1가,11290130
서울특별시,성북구,보문동,보문동,보문동2가,11290131
서울특별시,성북구,보문동,보문동,보문동3가,11290132
서울특별시,성북구,정릉1동,정릉1동,정릉동,11290133
서울특별시,성북구,정릉2동,정릉2동,돈암동,11290103
서울특별시,성북구,정릉2동,정릉2동,정릉동,11290133
서울특별시,성북구,정릉3동,정릉3동,정릉동,11290133
서울특별시,성북구,정릉4동,정릉4동,정릉동,11290133
서울특별시,성북구,길음1동,길음1동,길음동,11290134
서울특별시,성북구,길음2동,길음2동,길음동,11290134
서울특별시,성북구,길음2동,길음2동,하월곡동,11290136
서울특별시,성북구,종암동,종암동,종암동,11290135
서울특별시,성북구,월곡1동,월곡1동,하월곡동,11290136
서울특별시,성북구,월곡2동,월곡2동,하월곡동,11290136
서울특별시,성북구,월곡2동,월곡2동,상월곡동,11290137
서울특별시,성북구,장위1동,장위1동,장위동,11290138
서울특별시,성북구,장위2동,장위2동,장위동,11290138
서울특별시,성북구,장위3동,장위3동,장위동,11290138
서울특별시,성북구,석관동,석관동,석관동,11290139
서울특별시,강북구,강북구,강북구,강북구,11305000
서울특별시,강북구,삼양동,삼양동,미아동,11305101
서울특별시,강북구,미아동,미아동,미아동,11305101
서울특별시,강북구,송중동,송중동,미아동,11305101
서울특별시,강북구,송천동,송천동,미아동,11305101
서울특별시,강북구,삼각산동,삼각산동,미아동,11305101
서울특별시,강북구,번1동,번1동,번동,11305102
서울특별시,강북구,번2동,번2동,번동,11305102
서울특별시,강북구,번3동,번3동,번동,11305102
서울특별시,강북구,수유1동,수유1동,수유동,11305103
서울특별시,강북구,수유2동,수유2동,수유동,11305103
서울특별시,강북구,수유3동,수유3동,수유동,11305103
서울특별시,강북구,우이동,우이동,수유동,11305103
서울특별시,강북구,우이동,우이동,우이동,11305104
서울특별시,강북구,인수동,인수동,수유동,11305103
서울특별시,도봉구,도봉구,도봉구,도봉구,11320000
서울특별시,도봉구,창1동,창1동,창동,11320107
서울특별시,도봉구,창2동,창2동,창동,11320107
서울특별시,도봉구,창3동,창3동,창동,11320107
서울특별시,도봉구,창4동,창4동,창동,11320107
서울특별시,도봉구,창5동,창5동,창동,11320107
서울특별시,도봉구,도봉1동,도봉1동,도봉동,11320108
서울특별시,도봉구,도봉2동,도봉2동,도봉동,11320108
서울특별시,도봉구,쌍문1동,쌍문1동,쌍문동,11320105
서울특별시,도봉구,쌍문2동,쌍문2동,쌍문동,11320105
서울특별시,도봉구,쌍문3동,쌍문3동,쌍문동,11320105
서울특별시,도봉구,쌍문4동,쌍문4동,쌍문동,11320105
서울특별시,도봉구,방학1동,방학1동,방학동,11320106
서울특별시,도봉구,방학2동,방학2동,방학동,11320106
서울특별시,도봉구,방학3동,방학3동,방학동,11320106
서울특별시,노원구,노원구,노원구,노원구,11350000
서울특별시,노원구,월계1동,월계1동,월계동,11350102
서울특별시,노원구,월계2동,월계2동,월계동,11350102
서울특별시,노원구,월계3동,월계3동,월계동,11350102
서울특별시,노원구,공릉1동,공릉1동,공릉동,11350103
서울특별시,노원구,공릉2동,공릉2동,공릉동,11350103
서울특별시,노원구,하계1동,하계1동,하계동,11350104
서울특별시,노원구,하계2동,하계2동,하계동,11350104
서울특별시,노원구,중계본동,중계본동,중계동,11350106
서울특별시,노원구,중계1동,중계1동,중계동,11350106
서울특별시,노원구,중계4동,중계4동,상계동,11350105
서울특별시,노원구,중계4동,중계4동,중계동,11350106
서울특별시,노원구,중계2.3동,중계2.3동,중계동,11350106
서울특별시,노원구,상계1동,상계1동,상계동,11350105
서울특별시,노원구,상계2동,상계2동,상계동,11350105
서울특별시,노원구,상계3.4동,상계3.4동,상계동,11350105
서울특별시,노원구,상계5동,상계5동,상계동,11350105
서울특별시,노원구,상계6.7동,상계6.7동,상계동,11350105
서울특별시,노원구,상계8동,상계8동,상계동,11350105
서울특별시,노원구,상계9동,상계9동,상계동,11350105
서울특별시,노원구,상계10동,상계10동,상계동,11350105
서울특별시,은평구,은평구,은평구,은평구,11380000
서울특별시,은평구,녹번동,녹번동,녹번동,11380102
서울특별시,은평구,불광1동,불광1동,불광동,11380103
서울특별시,은평구,불광2동,불광2동,불광동,11380103
서울특별시,은평구,갈현1동,갈현1동,갈현동,11380104
서울특별시,은평구,갈현2동,갈현2동,갈현동,11380104
서울특별시,은평구,구산동,구산동,구산동,11380105
서울특별시,은평구,대조동,대조동,대조동,11380106
서울특별시,은평구,응암1동,응암1동,응암동,11380107
서울특별시,은평구,응암2동,응암2동,응암동,11380107
서울특별시,은평구,응암3동,응암3동,응암동,11380107
서울특별시,은평구,역촌동,역촌동,역촌동,11380108
서울특별시,은평구,신사1동,신사1동,신사동,11380109
서울특별시,은평구,신사2동,신사2동,신사동,11380109
서울특별시,은평구,증산동,증산동,증산동,11380110
서울특별시,은평구,수색동,수색동,수색동,11380101
서울특별시,은평구,진관동,진관동,진관동,11380114
서울특별시,서대문구,서대문구,서대문구,서대문구,11410000
서울특별시,서대문구,천연동,천연동,냉천동,11410105
서울특별시,서대문구,천연동,천연동,천연동,11410106
서울특별시,서대문구,천연동,천연동,옥천동,11410107
서울특별시,서대문구,천연동,천연동,영천동,11410108
서울특별시,서대문구,천연동,천연동,현저동,11410109
서울특별시,서대문구,북아현동,북아현동,북아현동,11410110
서울특별시,서대문구,북아현동,북아현동,대현동,11410112
서울특별시,서대문구,충현동,충현동,충정로2가,11410101
서울특별시,서대문구,충현동,충현동,충정로3가,11410102
서울특별시,서대문구,충현동,충현동,합동,11410103
서울특별시,서대문구,충현동,충현동,미근동,11410104
서울특별시,서대문구,충현동,충현동,북아현동,11410110
서울특별시,서대문구,신촌동,신촌동,대현동,11410112
서울특별시,서대문구,신촌동,신촌동,대신동,11410113
서울특별시,서대문구,신촌동,신촌동,신촌동,11410114
서울특별시,서대문구,신촌동,신촌동,봉원동,11410115
서울특별시,서대문구,신촌동,신촌동,창천동,11410116
서울특별시,서대문구,연희동,연희동,연희동,11410117
서울특별시,서대문구,홍제1동,홍제1동,홍제동,11410111
서울특별시,서대문구,홍제3동,홍제3동,홍제동,11410111
서울특별시,서대문구,홍제2동,홍제2동,홍제동,11410111
서울특별시,서대문구,홍은1동,홍은1동,홍은동,11410118
서울특별시,서대문구,홍은2동,홍은2동,홍은동,11410118
서울특별시,서대문구,남가좌1동,남가좌1동,남가좌동,11410120
서울특별시,서대문구,남가좌2동,남가좌2동,남가좌동,11410120
서울특별시,서대문구,북가좌1동,북가좌1동,북가좌동,11410119
서울특별시,서대문구,북가좌2동,북가좌2동,북가좌동,11410119
서울특별시,마포구,마포구,마포구,마포구,11440000
서울특별시,마포구,아현동,아현동,아현동,11440101
서울특별시,마포구,아현동,아현동,공덕동,11440102
서울특별시,마포구,아현동,아현동,염리동,11440109
서울특별시,마포구,공덕동,공덕동,아현동,11440101
서울특별시,마포구,공덕동,공덕동,공덕동,11440102
서울특별시,마포구,공덕동,공덕동,신공덕동,11440103
서울특별시,마포구,공덕동,공덕동,도화동,11440104
서울특별시,마포구,도화동,도화동,도화동,11440104
서울특별시,마포구,도화동,도화동,마포동,11440107
서울특별시,마포구,용강동,용강동,도화동,11440104
서울특별시,마포구,용강동,용강동,용강동,11440105
서울특별시,마포구,용강동,용강동,토정동,11440106
서울특별시,마포구,용강동,용강동,마포동,11440107
서울특별시,마포구,용강동,용강동,대흥동,11440108
서울특별시,마포구,용강동,용강동,염리동,11440109
서울특별시,마포구,대흥동,대흥동,대흥동,11440108
서울특별시,마포구,대흥동,대흥동,노고산동,11440110
서울특별시,마포구,대흥동,대흥동,신수동,11440111
서울특별시,마포구,염리동,염리동,공덕동,11440102
서울특별시,마포구,염리동,염리동,염리동,11440109
서울특별시,마포구,신수동,신수동,대흥동,11440108
서울특별시,마포구,신수동,신수동,신수동,11440111
서울특별시,마포구,신수동,신수동,현석동,11440112
서울특별시,마포구,신수동,신수동,구수동,11440113
서울특별시,마포구,신수동,신수동,신정동,11440117
서울특별시,마포구,서강동,서강동,창전동,11440114
서울특별시,마포구,서강동,서강동,상수동,11440115
서울특별시,마포구,서강동,서강동,하중동,11440116
서울특별시,마포구,서강동,서강동,신정동,11440117
서울특별시,마포구,서강동,서강동,당인동,11440118
서울특별시,마포구,서교동,서교동,노고산동,11440110
서울특별시,마포구,서교동,서교동,서교동,11440120
서울특별시,마포구,서교동,서교동,동교동,11440121
서울특별시,마포구,합정동,합정동,합정동,11440122
서울특별시,마포구,망원1동,망원1동,망원동,11440123
서울특별시,마포구,망원2동,망원2동,망원동,11440123
서울특별시,마포구,연남동,연남동,연남동,11440124
서울특별시,마포구,성산1동,성산1동,성산동,11440125
서울특별시,마포구,성산2동,성산2동,성산동,11440125
서울특별시,마포구,성산2동,성산2동,중동,11440126
서울특별시,마포구,상암동,상암동,상암동,11440127
서울특별시,양천구,양천구,양천구,양천구,11470000
서울특별시,양천구,목1동,목1동,목동,11470102
서울특별시,양천구,목2동,목2동,목동,11470102
서울특별시,양천구,목3동,목3동,목동,11470102
서울특별시,양천구,목4동,목4동,목동,11470102
서울특별시,양천구,목5동,목5동,목동,11470102
서울특별시,양천구,신월1동,신월1동,신월동,11470103
서울특별시,양천구,신월2동,신월2동,신월동,11470103
서울특별시,양천구,신월3동,신월3동,신월동,11470103
서울특별시,양천구,신월4동,신월4동,신월동,11470103
서울특별시,양천구,신월5동,신월5동,신월동,11470103
서울특별시,양천구,신월6동,신월6동,신월동,11470103
서울특별시,양천구,신월7동,신월7동,신월동,11470103
서울특별시,양천구,신정1동,신정1동,신정동,11470101
서울특별시,양천구,신정2동,신정2동,신정동,11470101
서울특별시,양천구,신정3동,신정3동,신정동,11470101
서울특별시,양천구,신정4동,신정4동,신정동,11470101
서울특별시,양천구,신정6동,신정6동,신정동,11470101
서울특별시,양천구,신정7동,신정7동,신정동,11470101
서울특별시,강서구,강서구,강서구,강서구,11500000
서울특별시,강서구,염창동,염창동,염창동,11500101
서울특별시,강서구,염창동,염창동,가양동,11500104
서울특별시,강서구,등촌1동,등촌1동,등촌동,11500102
서울특별시,강서구,등촌2동,등촌2동,등촌동,11500102
서울특별시,강서구,등촌3동,등촌3동,등촌동,11500102
서울특별시,강서구,화곡1동,화곡1동,화곡동,11500103
서울특별시,강서구,화곡2동,화곡2동,화곡동,11500103
서울특별시,강서구,화곡3동,화곡3동,화곡동,11500103
서울특별시,강서구,화곡4동,화곡4동,화곡동,11500103
서울특별시,강서구,화곡본동,화곡본동,화곡동,11500103
서울특별시,강서구,화곡6동,화곡6동,화곡동,11500103
서울특별시,강서구,화곡8동,화곡8동,화곡동,11500103
서울특별시,강서구,가양1동,가양1동,가양동,11500104
서울특별시,강서구,가양1동,가양1동,마곡동,11500105
서울특별시,강서구,가양2동,가양2동,가양동,11500104
서울특별시,강서구,가양3동,가양3동,가양동,11500104
서울특별시,강서구,발산1동,발산1동,마곡동,11500105
서울특별시,강서구,발산1동,발산1동,내발산동,11500106
서울특별시,강서구,발산1동,발산1동,외발산동,11500107
서울특별시,강서구,우장산동,우장산동,화곡동,11500103
서울특별시,강서구,우장산동,우장산동,내발산동,11500106
서울특별시,강서구,공항동,공항동,마곡동,11500105
서울특별시,강서구,공항동,공항동,공항동,11500108
서울특별시,강서구,공항동,공항동,방화동,11500109
서울특별시,강서구,공항동,공항동,과해동,11500111
서울특별시,강서구,공항동,공항동,오곡동,11500112
서울특별시,강서구,공항동,공항동,오쇠동,11500113
서울특별시,강서구,방화1동,방화1동,마곡동,11500105
서울특별시,강서구,방화1동,방화1동,공항동,11500108
서울특별시,강서구,방화1동,방화1동,방화동,11500109
서울특별시,강서구,방화2동,방화2동,방화동,11500109
서울특별시,강서구,방화2동,방화2동,개화동,11500110
서울특별시,강서구,방화3동,방화3동,방화동,11500109
서울특별시,구로구,구로구,구로구,구로구,11530000
서울특별시,구로구,신도림동,신도림동,신도림동,11530101
서울특별시,구로구,구로1동,구로1동,구로동,11530102
서울특별시,구로구,구로2동,구로2동,구로동,11530102
서울특별시,구로구,구로3동,구로3동,구로동,11530102
서울특별시,구로구,구로4동,구로4동,구로동,11530102
서울특별시,구로구,구로5동,구로5동,구로동,11530102
서울특별시,구로구,가리봉동,가리봉동,가리봉동,11530103
서울특별시,구로구,고척1동,고척1동,고척동,11530106
서울특별시,구로구,고척2동,고척2동,고척동,11530106
서울특별시,구로구,개봉1동,개봉1동,개봉동,11530107
서울특별시,구로구,개봉2동,개봉2동,개봉동,11530107
서울특별시,구로구,개봉3동,개봉3동,개봉동,11530107
서울특별시,구로구,오류1동,오류1동,오류동,11530108
서울특별시,구로구,오류2동,오류2동,오류동,11530108
서울특별시,구로구,오류2동,오류2동,천왕동,11530111
서울특별시,구로구,오류2동,오류2동,항동,11530112
서울특별시,구로구,수궁동,수궁동,궁동,11530109
서울특별시,구로구,수궁동,수궁동,온수동,11530110
서울특별시,금천구,금천구,금천구,금천구,11545000
서울특별시,금천구,가산동,가산동,가산동,11545101
서울특별시,금천구,독산1동,독산1동,독산동,11545102
서울특별시,금천구,독산2동,독산2동,독산동,11545102
서울특별시,금천구,독산3동,독산3동,독산동,11545102
서울특별시,금천구,독산4동,독산4동,독산동,11545102
서울특별시,금천구,시흥1동,시흥1동,시흥동,11545103
서울특별시,금천구,시흥2동,시흥2동,시흥동,11545103
서울특별시,금천구,시흥3동,시흥3동,시흥동,11545103
서울특별시,금천구,시흥4동,시흥4동,시흥동,11545103
서울특별시,금천구,시흥5동,시흥5동,시흥동,11545103
서울특별시,영등포구,영등포구,영등포구,영등포구,11560000
서울특별시,영등포구,영등포본동,영등포본동,영등포동,11560101
서울특별시,영등포구,영등포본동,영등포본동,신길동,11560132
서울특별시,영등포구,영등포동,영등포동,영등포동,11560101
서울특별시,영등포구,영등포동,영등포동,영등포동1가,11560102
서울특별시,영등포구,영등포동,영등포동,영등포동2가,11560103
서울특별시,영등포구,영등포동,영등포동,영등포동3가,11560104
서울특별시,영등포구,영등포동,영등포동,영등포동4가,11560105
서울특별시,영등포구,영등포동,영등포동,영등포동5가,11560106
서울특별시,영등포구,영등포동,영등포동,영등포동6가,11560107
서울특별시,영등포구,영등포동,영등포동,영등포동7가,11560108
서울특별시,영등포구,영등포동,영등포동,영등포동8가,11560109
서울특별시,영등포구,여의동,여의동,여의도동,11560110
서울특별시,영등포구,당산1동,당산1동,당산동1가,11560111
서울특별시,영등포구,당산1동,당산1동,당산동2가,11560112
서울특별시,영등포구,당산1동,당산1동,당산동3가,11560113
서울특별시,영등포구,당산2동,당산2동,당산동4가,11560114
서울특별시,영등포구,당산2동,당산2동,당산동5가,11560115
서울특별시,영등포구,당산2동,당산2동,당산동6가,11560116
서울특별시,영등포구,당산2동,당산2동,당산동,11560117
서울특별시,영등포구,도림동,도림동,도림동,11560118
서울특별시,영등포구,문래동,문래동,문래동1가,11560119
서울특별시,영등포구,문래동,문래동,문래동2가,11560120
서울특별시,영등포구,문래동,문래동,문래동3가,11560121
서울특별시,영등포구,문래동,문래동,문래동4가,11560122
서울특별시,영등포구,문래동,문래동,문래동5가,11560123
서울특별시,영등포구,문래동,문래동,문래동6가,11560124
서울특별시,영등포구,양평1동,양평1동,양평동1가,11560125
서울특별시,영등포구,양평1동,양평1동,양평동2가,11560126
서울특별시,영등포구,양평1동,양평1동,양평동3가,11560127
서울특별시,영등포구,양평2동,양평2동,양평동3가,11560127
서울특별시,영등포구,양평2동,양평2동,양평동4가,11560128
서울특별시,영등포구,양평2동,양평2동,양평동5가,11560129
서울특별시,영등포구,양평2동,양평2동,양평동6가,11560130
서울특별시,영등포구,양평2동,양평2동,양화동,11560131
서울특별시,영등포구,양평2동,양평2동,양평동,11560134
서울특별시,영등포구,신길1동,신길1동,신길동,11560132
서울특별시,영등포구,신길3동,신길3동,신길동,11560132
서울특별시,영등포구,신길4동,신길4동,신길동,11560132
서울특별시,영등포구,신길5동,신길5동,신길동,11560132
서울특별시,영등포구,신길5동,신길5동,대림동,11560133
서울특별시,영등포구,신길6동,신길6동,신길동,11560132
서울특별시,영등포구,신길7동,신길7동,신길동,11560132
서울특별시,영등포구,대림1동,대림1동,대림동,11560133
서울특별시,영등포구,대림2동,대림2동,대림동,11560133
서울특별시,영등포구,대림3동,대림3동,대림동,11560133
서울특별시,동작구,동작구,동작구,동작구,11590000
서울특별시,동작구,노량진1동,노량진1동,노량진동,11590101
서울특별시,동작구,노량진1동,노량진1동,본동,11590104
서울특별시,동작구,노량진2동,노량진2동,노량진동,11590101
서울특별시,동작구,상도1동,상도1동,상도동,11590102
서울특별시,동작구,상도1동,상도1동,상도1동,11590103
서울특별시,동작구,상도2동,상도2동,상도동,11590102
서울특별시,동작구,상도3동,상도3동,상도동,11590102
서울특별시,동작구,상도4동,상도4동,상도동,11590102
서울특별시,동작구,흑석동,흑석동,흑석동,11590105
서울특별시,동작구,사당1동,사당1동,사당동,11590107
서울특별시,동작구,사당2동,사당2동,동작동,11590106
서울특별시,동작구,사당2동,사당2동,사당동,11590107
서울특별시,동작구,사당3동,사당3동,사당동,11590107
서울특별시,동작구,사당4동,사당4동,사당동,11590107
서울특별시,동작구,사당5동,사당5동,사당동,11590107
서울특별시,동작구,대방동,대방동,대방동,11590108
서울특별시,동작구,신대방1동,신대방1동,신대방동,11590109
서울특별시,동작구,신대방2동,신대방2동,신대방동,11590109
서울특별시,관악구,관악구,관악구,관악구,11620000
서울특별시,관악구,보라매동,보라매동,봉천동,11620101
서울특별시,관악구,청림동,청림동,봉천동,11620101
서울특별시,관악구,성현동,성현동,봉천동,11620101
서울특별시,관악구,행운동,행운동,봉천동,11620101
서울특별시,관악구,낙성대동,낙성대동,봉천동,11620101
서울특별시,관악구,청룡동,청룡동,봉천동,11620101
서울특별시,관악구,은천동,은천동,봉천동,11620101
서울특별시,관악구,중앙동,중앙동,봉천동,11620101
서울특별시,관악구,인헌동,인헌동,봉천동,11620101
서울특별시,관악구,남현동,남현동,남현동,11620103
서울특별시,관악구,서원동,서원동,신림동,11620102
서울특별시,관악구,신원동,신원동,신림동,11620102
서울특별시,관악구,서림동,서림동,신림동,11620102
서울특별시,관악구,신사동,신사동,신림동,11620102
서울특별시,관악구,신림동,신림동,신림동,11620102
서울특별시,관악구,난향동,난향동,신림동,11620102
서울특별시,관악구,조원동,조원동,신림동,11620102
서울특별시,관악구,대학동,대학동,신림동,11620102
서울특별시,관악구,삼성동,삼성동,신림동,11620102
서울특별시,관악구,미성동,미성동,신림동,11620102
서울특별시,관악구,난곡동,난곡동,신림동,11620102
서울특별시,서초구,서초구,서초구,서초구,11650000
서울특별시,서초구,서초1동,서초1동,서초동,11650108
서울특별시,서초구,서초2동,서초2동,서초동,11650108
서울특별시,서초구,서초3동,서초3동,방배동,11650101
서울특별시,서초구,서초3동,서초3동,서초동,11650108
서울특별시,서초구,서초4동,서초4동,서초동,11650108
서울특별시,서초구,잠원동,잠원동,잠원동,11650106
서울특별시,서초구,반포본동,반포본동,반포동,11650107
서울특별시,서초구,반포1동,반포1동,반포동,11650107
서울특별시,서초구,반포2동,반포2동,반포동,11650107
서울특별시,서초구,반포3동,반포3동,잠원동,11650106
서울특별시,서초구,반포4동,반포4동,반포동,11650107
서울특별시,서초구,방배본동,방배본동,방배동,11650101
서울특별시,서초구,방배1동,방배1동,방배동,11650101
서울특별시,서초구,방배2동,방배2동,방배동,11650101
서울특별시,서초구,방배3동,방배3동,방배동,11650101
서울특별시,서초구,방배4동,방배4동,방배동,11650101
서울특별시,서초구,양재1동,양재1동,양재동,11650102
서울특별시,서초구,양재1동,양재1동,우면동,11650103
서울특별시,서초구,양재2동,양재2동,양재동,11650102
서울특별시,서초구,양재2동,양재2동,원지동,11650104
서울특별시,서초구,내곡동,내곡동,내곡동,11650109
서울특별시,서초구,내곡동,내곡동,염곡동,11650110
서울특별시,서초구,내곡동,내곡동,신원동,11650111
서울특별시,강남구,강남구,강남구,강남구,11680000
서울특별시,강남구,신사동,신사동,신사동,11680107
서울특별시,강남구,신사동,신사동,압구정동,11680110
서울특별시,강남구,논현1동,논현1동,논현동,11680108
서울특별시,강남구,논현2동,논현2동,논현동,11680108
서울특별시,강남구,압구정동,압구정동,신사동,11680107
서울특별시,강남구,압구정동,압구정동,압구정동,11680110
서울특별시,강남구,청담동,청담동,청담동,11680104
서울특별시,강남구,삼성1동,삼성1동,삼성동,11680105
서울특별시,강남구,삼성2동,삼성2동,삼성동,11680105
서울특별시,강남구,대치1동,대치1동,대치동,11680106
서울특별시,강남구,대치2동,대치2동,대치동,11680106
서울특별시,강남구,대치4동,대치4동,대치동,11680106
서울특별시,강남구,역삼1동,역삼1동,역삼동,11680101
서울특별시,강남구,역삼2동,역삼2동,역삼동,11680101
서울특별시,강남구,도곡1동,도곡1동,도곡동,11680118
서울특별시,강남구,도곡2동,도곡2동,도곡동,11680118
서울특별시,강남구,개포1동,개포1동,개포동,11680103
서울특별시,강남구,개포2동,개포2동,개포동,11680103
서울특별시,강남구,개포2동,개포2동,일원동,11680114
서울특별시,강남구,개포4동,개포4동,개포동,11680103
서울특별시,강남구,세곡동,세곡동,세곡동,11680111
서울특별시,강남구,세곡동,세곡동,자곡동,11680112
서울특별시,강남구,세곡동,세곡동,율현동,11680113
서울특별시,강남구,일원본동,일원본동,일원동,11680114
서울특별시,강남구,일원본동,일원본동,수서동,11680115
서울특별시,강남구,일원1동,일원1동,일원동,11680114
서울특별시,강남구,일원1동,일원1동,수서동,11680115
서울특별시,강남구,일원2동,일원2동,개포동,11680103
서울특별시,강남구,일원2동,일원2동,대치동,11680106
서울특별시,강남구,일원2동,일원2동,일원동,11680114
서울특별시,강남구,수서동,수서동,수서동,11680115
서울특별시,송파구,송파구,송파구,송파구,11710000
서울특별시,송파구,풍납1동,풍납1동,풍납동,11710103
서울특별시,송파구,풍납2동,풍납2동,풍납동,11710103
서울특별시,송파구,거여1동,거여1동,거여동,11710113
서울특별시,송파구,거여2동,거여2동,거여동,11710113
서울특별시,송파구,마천1동,마천1동,마천동,11710114
서울특별시,송파구,마천2동,마천2동,마천동,11710114
서울특별시,송파구,방이1동,방이1동,방이동,11710111
서울특별시,송파구,방이2동,방이2동,방이동,11710111
서울특별시,송파구,오륜동,오륜동,방이동,11710111
서울특별시,송파구,오금동,오금동,오금동,11710112
서울특별시,송파구,송파1동,송파1동,송파동,11710104
서울특별시,송파구,송파2동,송파2동,송파동,11710104
서울특별시,송파구,석촌동,석촌동,석촌동,11710105
서울특별시,송파구,삼전동,삼전동,삼전동,11710106
서울특별시,송파구,가락본동,가락본동,가락동,11710107
서울특별시,송파구,가락1동,가락1동,가락동,11710107
서울특별시,송파구,가락2동,가락2동,가락동,11710107
서울특별시,송파구,문정1동,문정1동,문정동,11710108
서울특별시,송파구,문정2동,문정2동,문정동,11710108
서울특별시,송파구,문정2동,문정2동,장지동,11710109
서울특별시,송파구,장지동,장지동,문정동,11710108
서울특별시,송파구,장지동,장지동,장지동,11710109
서울특별시,송파구,위례동,위례동,장지동,11710109
서울특별시,송파구,위례동,위례동,거여동,11710113
서울특별시,송파구,잠실본동,잠실본동,잠실동,11710101
서울특별시,송파구,잠실2동,잠실2동,잠실동,11710101
서울특별시,송파구,잠실3동,잠실3동,잠실동,11710101
서울특별시,송파구,잠실4동,잠실4동,신천동,11710102
서울특별시,송파구,잠실6동,잠실6동,신천동,11710102
서울특별시,송파구,잠실7동,잠실7동,잠실동,11710101
서울특별시,강동구,강동구,강동구,강동구,11740000
서울특별시,강동구,강일동,강일동,상일동,11740103
서울특별시,강동구,강일동,강일동,강일동,11740110
서울특별시,강동구,상일동,상일동,상일동,11740103
서울특별시,강동구,명일1동,명일1동,명일동,11740101
서울특별시,강동구,명일2동,명일2동,명일동,11740101
서울특별시,강동구,고덕1동,고덕1동,고덕동,11740102
서울특별시,강동구,고덕2동,고덕2동,고덕동,11740102
서울특별시,강동구,암사1동,암사1동,암사동,11740107
서울특별시,강동구,암사2동,암사2동,암사동,11740107
서울특별시,강동구,암사3동,암사3동,암사동,11740107
서울특별시,강동구,천호1동,천호1동,천호동,11740109
서울특별시,강동구,천호2동,천호2동,천호동,11740109
서울특별시,강동구,천호3동,천호3동,천호동,11740109
서울특별시,강동구,성내1동,성내1동,성내동,11740108
서울특별시,강동구,성내2동,성내2동,성내동,11740108
서울특별시,강동구,성내3동,성내3동,성내동,11740108
서울특별시,강동구,길동,길동,길동,11740105
서울특별시,강동구,둔촌1동,둔촌1동,둔촌동,11740106
서울특별시,강동구,둔촌2동,둔촌2동,둔촌동,11740106
